Workbook
Name NombreIntervalo1: Amarillo!$B$11:$R$11
Name NombreIntervalo1: Azul!$B$11:$T$11
Name NombreIntervalo1: 'P. Azul'!$B$11:$S$11
Name NombreIntervalo1: 'P. Negra'!$B$11:$U$11
Name NombreIntervalo1: 'P. Roja'!$B$11:$T$11
Name NombreIntervalo1: 'P. Verde'!$B$11:$R$11
Name NombreIntervalo1: Rojo!$B$11:$T$11
Name NombreIntervalo1: Verde!$B$11:$R$11
Name NombreIntervalo1: 'P. Amarilla'!$B$11:$Q$11

Sheet P. Amarilla
G4: Club : | O4: Fecha:
G6: Instructor :
B9: Planilla de Examen de Grado
B11: Blanco A Blanco Punta Amarilla
B13: Examinador:
C15: N° | D15: Nombre | E15: Apellido | F15: Sexo (M/F) | G15: C.I. | H15: Fecha Nac. | I15: Edad | J15: Poomsae | K15: Soguis | L15: Son Kisul | M15: Bal Kisul | N15: Flexibilidad | O15: Iron | P15: Promedio
C16: 1 | I16: =IF(H16="","",DATEDIF(H16,TODAY(),"Y")) | P16: =IF(COUNT(J16:O16)=0,"",AVERAGE(J16:O16))
C17: 2 | I17: =IF(H17="","",DATEDIF(H17,TODAY(),"Y")) | P17: =IF(COUNT(J17:O17)=0,"",AVERAGE(J17:O17))
C18: 3 | I18: =IF(H18="","",DATEDIF(H18,TODAY(),"Y")) | P18: =IF(COUNT(J18:O18)=0,"",AVERAGE(J18:O18))
C19: 4 | I19: =IF(H19="","",DATEDIF(H19,TODAY(),"Y")) | P19: =IF(COUNT(J19:O19)=0,"",AVERAGE(J19:O19))
C20: 5 | I20: =IF(H20="","",DATEDIF(H20,TODAY(),"Y")) | P20: =IF(COUNT(J20:O20)=0,"",AVERAGE(J20:O20))
C21: 6 | I21: =IF(H21="","",DATEDIF(H21,TODAY(),"Y")) | P21: =IF(COUNT(J21:O21)=0,"",AVERAGE(J21:O21))
C22: 7 | I22: =IF(H22="","",DATEDIF(H22,TODAY(),"Y")) | P22: =IF(COUNT(J22:O22)=0,"",AVERAGE(J22:O22))
C23: 8 | I23: =IF(H23="","",DATEDIF(H23,TODAY(),"Y")) | P23: =IF(COUNT(J23:O23)=0,"",AVERAGE(J23:O23))
C24: 9 | I24: =IF(H24="","",DATEDIF(H24,TODAY(),"Y")) | P24: =IF(COUNT(J24:O24)=0,"",AVERAGE(J24:O24))
C25: 10 | I25: =IF(H25="","",DATEDIF(H25,TODAY(),"Y")) | P25: =IF(COUNT(J25:O25)=0,"",AVERAGE(J25:O25))
C26: 11 | I26: =IF(H26="","",DATEDIF(H26,TODAY(),"Y")) | P26: =IF(COUNT(J26:O26)=0,"",AVERAGE(J26:O26))
C27: 12 | I27: =IF(H27="","",DATEDIF(H27,TODAY(),"Y")) | P27: =IF(COUNT(J27:O27)=0,"",AVERAGE(J27:O27))
... C65: 50 | I65: =IF(H65="","",DATEDIF(H65,TODAY(),"Y")) | P65: =IF(COUNT(J65:O65)=0,"",AVERAGE(J65:O65))

Sheet Amarillo
G4: Club : | H4: =IF('P. Amarilla'!H4="","",'P. Amarilla'!H4) | P4: Fecha: | Q4: =IF('P. Amarilla'!P4="","",'P. Amarilla'!P4)
G6: Instructor : | H6: =IF('P. Amarilla'!H6="","",'P. Amarilla'!H6)
B9: Planilla de Examen de Grado
B11: Blanco Punta Amarilla A Amarillo
B13: Examinador: | D13: =IF('P. Amarilla'!D13="","",'P. Amarilla'!D13)
C15: N° | D15: Nombre | E15: Apellido | F15: Sexo (M/F) | G15: C.I. | H15: Fecha Nac. | I15: Edad | J15: Poomsae | K15: Jirugui Kisul | L15: Bal Kisul | M15: Honshinsol | N15: Kiorugui Kisul | O15: Flexibilidad | P15: Iron | Q15: Promedio
C16: 1 | I16: =IF(H16="","",DATEDIF(H16,TODAY(),"Y")) | Q16: =IF(COUNT(J16:P16)=0,"",AVERAGE(J16:P16))
C17: 2 | I17: =IF(H17="","",DATEDIF(H17,TODAY(),"Y")) | Q17: =IF(COUNT(J17:P17)=0,"",AVERAGE(J17:P17))
C18: 3 | I18: =IF(H18="","",DATEDIF(H18,TODAY(),"Y")) | Q18: =IF(COUNT(J18:P18)=0,"",AVERAGE(J18:P18))
C19: 4 | I19: =IF(H19="","",DATEDIF(H19,TODAY(),"Y")) | Q19: =IF(COUNT(J19:P19)=0,"",AVERAGE(J19:P19))
C20: 5 | I20: =IF(H20="","",DATEDIF(H20,TODAY(),"Y")) | Q20: =IF(COUNT(J20:P20)=0,"",AVERAGE(J20:P20))
C21: 6 | I21: =IF(H21="","",DATEDIF(H21,TODAY(),"Y")) | Q21: =IF(COUNT(J21:P21)=0,"",AVERAGE(J21:P21))
C22: 7 | I22: =IF(H22="","",DATEDIF(H22,TODAY(),"Y")) | Q22: =IF(COUNT(J22:P22)=0,"",AVERAGE(J22:P22))
C23: 8 | I23: =IF(H23="","",DATEDIF(H23,TODAY(),"Y")) | Q23: =IF(COUNT(J23:P23)=0,"",AVERAGE(J23:P23))
C24: 9 | I24: =IF(H24="","",DATEDIF(H24,TODAY(),"Y")) | Q24: =IF(COUNT(J24:P24)=0,"",AVERAGE(J24:P24))
C25: 10 | I25: =IF(H25="","",DATEDIF(H25,TODAY(),"Y")) | Q25: =IF(COUNT(J25:P25)=0,"",AVERAGE(J25:P25))
C26: 11 | I26: =IF(H26="","",DATEDIF(H26,TODAY(),"Y")) | Q26: =IF(COUNT(J26:P26)=0,"",AVERAGE(J26:P26))
C27: 12 | I27: =IF(H27="","",DATEDIF(H27,TODAY(),"Y")) | Q27: =IF(COUNT(J27:P27)=0,"",AVERAGE(J27:P27))
... C65: 50 | I65: =IF(H65="","",DATEDIF(H65,TODAY(),"Y")) | Q65: =IF(COUNT(J65:P65)=0,"",AVERAGE(J65:P65))

Sheet P. Verde
G4: Club : | H4: =IF('P. Amarilla'!H4="","",'P. Amarilla'!H4) | P4: Fecha: | Q4: =IF('P. Amarilla'!P4="","",'P. Amarilla'!P4)
G6: Instructor : | H6: =IF('P. Amarilla'!H6="","",'P. Amarilla'!H6)
B9: Planilla de Examen de Grado
B11: Amarillo A Amarillo Punta Verde
B13: Examinador: | D13: =IF('P. Amarilla'!D13="","",'P. Amarilla'!D13)
C15: N° | D15: Nombre | E15: Apellido | F15: Sexo (M/F) | G15: C.I. | H15: Fecha Nac. | I15: Edad | J15: Poomsae | K15: Soguis | L15: Bal Kisul | M15: Honshinsol | N15: Kiorugui Kisul | O15: Flexibilidad | P15: Iron | Q15: Promedio
C16: 1 | I16: =IF(H16="","",DATEDIF(H16,TODAY(),"Y")) | Q16: =IF(COUNT(J16:P16)=0,"",AVERAGE(J16:P16))
C17: 2 | I17: =IF(H17="","",DATEDIF(H17,TODAY(),"Y")) | Q17: =IF(COUNT(J17:P17)=0,"",AVERAGE(J17:P17))
C18: 3 | I18: =IF(H18="","",DATEDIF(H18,TODAY(),"Y")) | Q18: =IF(COUNT(J18:P18)=0,"",AVERAGE(J18:P18))
C19: 4 | I19: =IF(H19="","",DATEDIF(H19,TODAY(),"Y")) | Q19: =IF(COUNT(J19:P19)=0,"",AVERAGE(J19:P19))
C20: 5 | I20: =IF(H20="","",DATEDIF(H20,TODAY(),"Y")) | Q20: =IF(COUNT(J20:P20)=0,"",AVERAGE(J20:P20))
C21: 6 | I21: =IF(H21="","",DATEDIF(H21,TODAY(),"Y")) | Q21: =IF(COUNT(J21:P21)=0,"",AVERAGE(J21:P21))
C22: 7 | I22: =IF(H22="","",DATEDIF(H22,TODAY(),"Y")) | Q22: =IF(COUNT(J22:P22)=0,"",AVERAGE(J22:P22))
C23: 8 | I23: =IF(H23="","",DATEDIF(H23,TODAY(),"Y")) | Q23: =IF(COUNT(J23:P23)=0,"",AVERAGE(J23:P23))
C24: 9 | I24: =IF(H24="","",DATEDIF(H24,TODAY(),"Y")) | Q24: =IF(COUNT(J24:P24)=0,"",AVERAGE(J24:P24))
C25: 10 | I25: =IF(H25="","",DATEDIF(H25,TODAY(),"Y")) | Q25: =IF(COUNT(J25:P25)=0,"",AVERAGE(J25:P25))
C26: 11 | I26: =IF(H26="","",DATEDIF(H26,TODAY(),"Y")) | Q26: =IF(COUNT(J26:P26)=0,"",AVERAGE(J26:P26))
C27: 12 | I27: =IF(H27="","",DATEDIF(H27,TODAY(),"Y")) | Q27: =IF(COUNT(J27:P27)=0,"",AVERAGE(J27:P27))
... C65: 50 | I65: =IF(H65="","",DATEDIF(H65,TODAY(),"Y")) | Q65: =IF(COUNT(J65:P65)=0,"",AVERAGE(J65:P65))

Sheet Verde
G4: Club : | H4: =IF('P. Amarilla'!H4="","",'P. Amarilla'!H4) | P4: Fecha: | Q4: =IF('P. Amarilla'!P4="","",'P. Amarilla'!P4)
G6: Instructor : | H6: =IF('P. Amarilla'!H6="","",'P. Amarilla'!H6)
B9: Planilla de Examen de Grado
B11: Amarillo Punta Verde A Verde
B13: Examinador: | D13: =IF('P. Amarilla'!D13="","",'P. Amarilla'!D13)
C15: N° | D15: Nombre | E15: Apellido | F15: Sexo (M/F) | G15: C.I. | H15: Fecha Nac. | I15: Edad | J15: Poomsae | K15: Soguis | L15: Bal Kisul | M15: Honshinsol | N15: Kiorugui Kisul | O15: Flexibilidad | P15: Iron | Q15: Promedio
C16: 1 | I16: =IF(H16="","",DATEDIF(H16,TODAY(),"Y")) | Q16: =IF(COUNT(J16:P16)=0,"",AVERAGE(J16:P16))
C17: 2 | I17: =IF(H17="","",DATEDIF(H17,TODAY(),"Y")) | Q17: =IF(COUNT(J17:P17)=0,"",AVERAGE(J17:P17))
C18: 3 | I18: =IF(H18="","",DATEDIF(H18,TODAY(),"Y")) | Q18: =IF(COUNT(J18:P18)=0,"",AVERAGE(J18:P18))
C19: 4 | I19: =IF(H19="","",DATEDIF(H19,TODAY(),"Y")) | Q19: =IF(COUNT(J19:P19)=0,"",AVERAGE(J19:P19))
C20: 5 | I20: =IF(H20="","",DATEDIF(H20,TODAY(),"Y")) | Q20: =IF(COUNT(J20:P20)=0,"",AVERAGE(J20:P20))
C21: 6 | I21: =IF(H21="","",DATEDIF(H21,TODAY(),"Y")) | Q21: =IF(COUNT(J21:P21)=0,"",AVERAGE(J21:P21))
C22: 7 | I22: =IF(H22="","",DATEDIF(H22,TODAY(),"Y")) | Q22: =IF(COUNT(J22:P22)=0,"",AVERAGE(J22:P22))
C23: 8 | I23: =IF(H23="","",DATEDIF(H23,TODAY(),"Y")) | Q23: =IF(COUNT(J23:P23)=0,"",AVERAGE(J23:P23))
C24: 9 | I24: =IF(H24="","",DATEDIF(H24,TODAY(),"Y")) | Q24: =IF(COUNT(J24:P24)=0,"",AVERAGE(J24:P24))
C25: 10 | I25: =IF(H25="","",DATEDIF(H25,TODAY(),"Y")) | Q25: =IF(COUNT(J25:P25)=0,"",AVERAGE(J25:P25))
C26: 11 | I26: =IF(H26="","",DATEDIF(H26,TODAY(),"Y")) | Q26: =IF(COUNT(J26:P26)=0,"",AVERAGE(J26:P26))
C27: 12 | I27: =IF(H27="","",DATEDIF(H27,TODAY(),"Y")) | Q27: =IF(COUNT(J27:P27)=0,"",AVERAGE(J27:P27))
... C65: 50 | I65: =IF(H65="","",DATEDIF(H65,TODAY(),"Y")) | Q65: =IF(COUNT(J65:P65)=0,"",AVERAGE(J65:P65))

Sheet P. Azul
G4: Club : | H4: =IF('P. Amarilla'!H4="","",'P. Amarilla'!H4) | Q4: Fecha: | R4: =IF('P. Amarilla'!P4="","",'P. Amarilla'!P4)
G6: Instructor : | H6: =IF('P. Amarilla'!H6="","",'P. Amarilla'!H6)
B9: Planilla de Examen de Grado
B11: Verde A Verde Punta Azul
B13: Examinador: | D13: =IF('P. Amarilla'!D13="","",'P. Amarilla'!D13)
C15: N° | D15: Nombre | E15: Apellido | F15: Sexo (M/F) | G15: C.I. | H15: Fecha Nac. | I15: Edad | J15: Poomsae | K15: Soguis | L15: Bal Kisul | M15: Honshinsol | N15: Bal Kisul (2) | O15: Kiorugui | P15: Flexibilidad | Q15: Iron | R15: Promedio
C16: 1 | I16: =IF(H16="","",DATEDIF(H16,TODAY(),"Y")) | R16: =IF(COUNT(J16:Q16)=0,"",AVERAGE(J16:Q16))
C17: 2 | I17: =IF(H17="","",DATEDIF(H17,TODAY(),"Y")) | R17: =IF(COUNT(J17:Q17)=0,"",AVERAGE(J17:Q17))
C18: 3 | I18: =IF(H18="","",DATEDIF(H18,TODAY(),"Y")) | R18: =IF(COUNT(J18:Q18)=0,"",AVERAGE(J18:Q18))
C19: 4 | I19: =IF(H19="","",DATEDIF(H19,TODAY(),"Y")) | R19: =IF(COUNT(J19:Q19)=0,"",AVERAGE(J19:Q19))
C20: 5 | I20: =IF(H20="","",DATEDIF(H20,TODAY(),"Y")) | R20: =IF(COUNT(J20:Q20)=0,"",AVERAGE(J20:Q20))
C21: 6 | I21: =IF(H21="","",DATEDIF(H21,TODAY(),"Y")) | R21: =IF(COUNT(J21:Q21)=0,"",AVERAGE(J21:Q21))
C22: 7 | I22: =IF(H22="","",DATEDIF(H22,TODAY(),"Y")) | R22: =IF(COUNT(J22:Q22)=0,"",AVERAGE(J22:Q22))
C23: 8 | I23: =IF(H23="","",DATEDIF(H23,TODAY(),"Y")) | R23: =IF(COUNT(J23:Q23)=0,"",AVERAGE(J23:Q23))
C24: 9 | I24: =IF(H24="","",DATEDIF(H24,TODAY(),"Y")) | R24: =IF(COUNT(J24:Q24)=0,"",AVERAGE(J24:Q24))
C25: 10 | I25: =IF(H25="","",DATEDIF(H25,TODAY(),"Y")) | R25: =IF(COUNT(J25:Q25)=0,"",AVERAGE(J25:Q25))
C26: 11 | I26: =IF(H26="","",DATEDIF(H26,TODAY(),"Y")) | R26: =IF(COUNT(J26:Q26)=0,"",AVERAGE(J26:Q26))
C27: 12 | I27: =IF(H27="","",DATEDIF(H27,TODAY(),"Y")) | R27: =IF(COUNT(J27:Q27)=0,"",AVERAGE(J27:Q27))
... C65: 50 | I65: =IF(H65="","",DATEDIF(H65,TODAY(),"Y")) | R65: =IF(COUNT(J65:Q65)=0,"",AVERAGE(J65:Q65))

Sheet Azul
G4: Club : | H4: =IF('P. Amarilla'!H4="","",'P. Amarilla'!H4) | R4: Fecha: | S4: =IF('P. Amarilla'!P4="","",'P. Amarilla'!P4)
G6: Instructor : | H6: =IF('P. Amarilla'!H6="","",'P. Amarilla'!H6)
B9: Planilla de Examen de Grado
B11: Verde Punta Azul A Azul
B13: Examinador: | D13: =IF('P. Amarilla'!D13="","",'P. Amarilla'!D13)
C15: N° | D15: Nombre | E15: Apellido | F15: Sexo (M/F) | G15: C.I. | H15: Fecha Nac. | I15: Edad | J15: Poomsae | K15: Soguis | L15: Bal Kisul | M15: Honshinsol | N15: Bal Kisul (2) | O15: Kioopa | P15: Kiorugui | Q15: Flexibilidad | R15: Iron | S15: Promedio
C16: 1 | I16: =IF(H16="","",DATEDIF(H16,TODAY(),"Y")) | S16: =IF(COUNT(J16:R16)=0,"",AVERAGE(J16:R16))
C17: 2 | I17: =IF(H17="","",DATEDIF(H17,TODAY(),"Y")) | S17: =IF(COUNT(J17:R17)=0,"",AVERAGE(J17:R17))
C18: 3 | I18: =IF(H18="","",DATEDIF(H18,TODAY(),"Y")) | S18: =IF(COUNT(J18:R18)=0,"",AVERAGE(J18:R18))
C19: 4 | I19: =IF(H19="","",DATEDIF(H19,TODAY(),"Y")) | S19: =IF(COUNT(J19:R19)=0,"",AVERAGE(J19:R19))
C20: 5 | I20: =IF(H20="","",DATEDIF(H20,TODAY(),"Y")) | S20: =IF(COUNT(J20:R20)=0,"",AVERAGE(J20:R20))
C21: 6 | I21: =IF(H21="","",DATEDIF(H21,TODAY(),"Y")) | S21: =IF(COUNT(J21:R21)=0,"",AVERAGE(J21:R21))
C22: 7 | I22: =IF(H22="","",DATEDIF(H22,TODAY(),"Y")) | S22: =IF(COUNT(J22:R22)=0,"",AVERAGE(J22:R22))
C23: 8 | I23: =IF(H23="","",DATEDIF(H23,TODAY(),"Y")) | S23: =IF(COUNT(J23:R23)=0,"",AVERAGE(J23:R23))
C24: 9 | I24: =IF(H24="","",DATEDIF(H24,TODAY(),"Y")) | S24: =IF(COUNT(J24:R24)=0,"",AVERAGE(J24:R24))
C25: 10 | I25: =IF(H25="","",DATEDIF(H25,TODAY(),"Y")) | S25: =IF(COUNT(J25:R25)=0,"",AVERAGE(J25:R25))
C26: 11 | I26: =IF(H26="","",DATEDIF(H26,TODAY(),"Y")) | S26: =IF(COUNT(J26:R26)=0,"",AVERAGE(J26:R26))
C27: 12 | I27: =IF(H27="","",DATEDIF(H27,TODAY(),"Y")) | S27: =IF(COUNT(J27:R27)=0,"",AVERAGE(J27:R27))
... C65: 50 | I65: =IF(H65="","",DATEDIF(H65,TODAY(),"Y")) | S65: =IF(COUNT(J65:R65)=0,"",AVERAGE(J65:R65))

Sheet P. Roja
G4: Club : | H4: =IF('P. Amarilla'!H4="","",'P. Amarilla'!H4) | R4: Fecha: | S4: =IF('P. Amarilla'!P4="","",'P. Amarilla'!P4)
G6: Instructor : | H6: =IF('P. Amarilla'!H6="","",'P. Amarilla'!H6)
B9: Planilla de Examen de Grado
B11: Azul A Azul Punta Roja
B13: Examinador: | D13: =IF('P. Amarilla'!D13="","",'P. Amarilla'!D13)
C15: N° | D15: Nombre | E15: Apellido | F15: Sexo (M/F) | G15: C.I. | H15: Fecha Nac. | I15: Edad | J15: Poomsae | K15: Soguis | L15: Bal Kisul | M15: Honshinsol | N15: Bal Kisul (2) | O15: Kioopa | P15: Kiorugui | Q15: Flexibilidad | R15: Iron | S15: Promedio
C16: 1 | I16: =IF(H16="","",DATEDIF(H16,TODAY(),"Y")) | S16: =IF(COUNT(J16:R16)=0,"",AVERAGE(J16:R16))
C17: 2 | I17: =IF(H17="","",DATEDIF(H17,TODAY(),"Y")) | S17: =IF(COUNT(J17:R17)=0,"",AVERAGE(J17:R17))
C18: 3 | I18: =IF(H18="","",DATEDIF(H18,TODAY(),"Y")) | S18: =IF(COUNT(J18:R18)=0,"",AVERAGE(J18:R18))
C19: 4 | I19: =IF(H19="","",DATEDIF(H19,TODAY(),"Y")) | S19: =IF(COUNT(J19:R19)=0,"",AVERAGE(J19:R19))
C20: 5 | I20: =IF(H20="","",DATEDIF(H20,TODAY(),"Y")) | S20: =IF(COUNT(J20:R20)=0,"",AVERAGE(J20:R20))
C21: 6 | I21: =IF(H21="","",DATEDIF(H21,TODAY(),"Y")) | S21: =IF(COUNT(J21:R21)=0,"",AVERAGE(J21:R21))
C22: 7 | I22: =IF(H22="","",DATEDIF(H22,TODAY(),"Y")) | S22: =IF(COUNT(J22:R22)=0,"",AVERAGE(J22:R22))
C23: 8 | I23: =IF(H23="","",DATEDIF(H23,TODAY(),"Y")) | S23: =IF(COUNT(J23:R23)=0,"",AVERAGE(J23:R23))
C24: 9 | I24: =IF(H24="","",DATEDIF(H24,TODAY(),"Y")) | S24: =IF(COUNT(J24:R24)=0,"",AVERAGE(J24:R24))
C25: 10 | I25: =IF(H25="","",DATEDIF(H25,TODAY(),"Y")) | S25: =IF(COUNT(J25:R25)=0,"",AVERAGE(J25:R25))
C26: 11 | I26: =IF(H26="","",DATEDIF(H26,TODAY(),"Y")) | S26: =IF(COUNT(J26:R26)=0,"",AVERAGE(J26:R26))
C27: 12 | I27: =IF(H27="","",DATEDIF(H27,TODAY(),"Y")) | S27: =IF(COUNT(J27:R27)=0,"",AVERAGE(J27:R27))
... C65: 50 | I65: =IF(H65="","",DATEDIF(H65,TODAY(),"Y")) | S65: =IF(COUNT(J65:R65)=0,"",AVERAGE(J65:R65))

Sheet Rojo
G4: Club : | H4: =IF('P. Amarilla'!H4="","",'P. Amarilla'!H4) | R4: Fecha: | S4: =IF('P. Amarilla'!P4="","",'P. Amarilla'!P4)
G6: Instructor : | H6: =IF('P. Amarilla'!H6="","",'P. Amarilla'!H6)
B9: Planilla de Examen de Grado
B11: Azul Punta Roja A Rojo
B13: Examinador: | D13: =IF('P. Amarilla'!D13="","",'P. Amarilla'!D13)
C15: N° | D15: Nombre | E15: Apellido | F15: Sexo (M/F) | G15: C.I. | H15: Fecha Nac. | I15: Edad | J15: Poomsae | K15: Soguis | L15: Bal Kisul | M15: Honshinsol | N15: Bal Kisul (2) | O15: Kioopa | P15: Kiorugui | Q15: Flexibilidad | R15: Iron | S15: Promedio
C16: 1 | I16: =IF(H16="","",DATEDIF(H16,TODAY(),"Y")) | S16: =IF(COUNT(J16:R16)=0,"",AVERAGE(J16:R16))
C17: 2 | I17: =IF(H17="","",DATEDIF(H17,TODAY(),"Y")) | S17: =IF(COUNT(J17:R17)=0,"",AVERAGE(J17:R17))
C18: 3 | I18: =IF(H18="","",DATEDIF(H18,TODAY(),"Y")) | S18: =IF(COUNT(J18:R18)=0,"",AVERAGE(J18:R18))
C19: 4 | I19: =IF(H19="","",DATEDIF(H19,TODAY(),"Y")) | S19: =IF(COUNT(J19:R19)=0,"",AVERAGE(J19:R19))
C20: 5 | I20: =IF(H20="","",DATEDIF(H20,TODAY(),"Y")) | S20: =IF(COUNT(J20:R20)=0,"",AVERAGE(J20:R20))
C21: 6 | I21: =IF(H21="","",DATEDIF(H21,TODAY(),"Y")) | S21: =IF(COUNT(J21:R21)=0,"",AVERAGE(J21:R21))
C22: 7 | I22: =IF(H22="","",DATEDIF(H22,TODAY(),"Y")) | S22: =IF(COUNT(J22:R22)=0,"",AVERAGE(J22:R22))
C23: 8 | I23: =IF(H23="","",DATEDIF(H23,TODAY(),"Y")) | S23: =IF(COUNT(J23:R23)=0,"",AVERAGE(J23:R23))
C24: 9 | I24: =IF(H24="","",DATEDIF(H24,TODAY(),"Y")) | S24: =IF(COUNT(J24:R24)=0,"",AVERAGE(J24:R24))
C25: 10 | I25: =IF(H25="","",DATEDIF(H25,TODAY(),"Y")) | S25: =IF(COUNT(J25:R25)=0,"",AVERAGE(J25:R25))
C26: 11 | I26: =IF(H26="","",DATEDIF(H26,TODAY(),"Y")) | S26: =IF(COUNT(J26:R26)=0,"",AVERAGE(J26:R26))
C27: 12 | I27: =IF(H27="","",DATEDIF(H27,TODAY(),"Y")) | S27: =IF(COUNT(J27:R27)=0,"",AVERAGE(J27:R27))
... C65: 50 | I65: =IF(H65="","",DATEDIF(H65,TODAY(),"Y")) | S65: =IF(COUNT(J65:R65)=0,"",AVERAGE(J65:R65))

Sheet P. Negra
G4: Club : | H4: =IF('P. Amarilla'!H4="","",'P. Amarilla'!H4) | S4: Fecha: | T4: =IF('P. Amarilla'!P4="","",'P. Amarilla'!P4)
G6: Instructor : | H6: =IF('P. Amarilla'!H6="","",'P. Amarilla'!H6)
B9: Planilla de Examen de Grado
B11: Rojo A Rojo Punta Negra
B13: Examinador: | D13: =IF('P. Amarilla'!D13="","",'P. Amarilla'!D13)
C15: N° | D15: Nombre | E15: Apellido | F15: Sexo (M/F) | G15: C.I. | H15: Fecha Nac. | I15: Edad | J15: Poomsae | M15: Bal Kisul | N15: Honshinsol | O15: Bal Kisul (2) | P15: Kioopa | Q15: Kiorugui | R15: Flexibilidad | S15: Iron | T15: Promedio
J16: 1 | K16: 2 | L16: 3
C17: 1 | I17: =IF(H17="","",DATEDIF(H17,TODAY(),"Y")) | T17: =IF(COUNT(J17:S17)=0,"",AVERAGE(J17:S17))
C18: 2 | I18: =IF(H18="","",DATEDIF(H18,TODAY(),"Y")) | T18: =IF(COUNT(J18:S18)=0,"",AVERAGE(J18:S18))
C19: 3 | I19: =IF(H19="","",DATEDIF(H19,TODAY(),"Y")) | T19: =IF(COUNT(J19:S19)=0,"",AVERAGE(J19:S19))
C20: 4 | I20: =IF(H20="","",DATEDIF(H20,TODAY(),"Y")) | T20: =IF(COUNT(J20:S20)=0,"",AVERAGE(J20:S20))
C21: 5 | I21: =IF(H21="","",DATEDIF(H21,TODAY(),"Y")) | T21: =IF(COUNT(J21:S21)=0,"",AVERAGE(J21:S21))
C22: 6 | I22: =IF(H22="","",DATEDIF(H22,TODAY(),"Y")) | T22: =IF(COUNT(J22:S22)=0,"",AVERAGE(J22:S22))
C23: 7 | I23: =IF(H23="","",DATEDIF(H23,TODAY(),"Y")) | T23: =IF(COUNT(J23:S23)=0,"",AVERAGE(J23:S23))
C24: 8 | I24: =IF(H24="","",DATEDIF(H24,TODAY(),"Y")) | T24: =IF(COUNT(J24:S24)=0,"",AVERAGE(J24:S24))
C25: 9 | I25: =IF(H25="","",DATEDIF(H25,TODAY(),"Y")) | T25: =IF(COUNT(J25:S25)=0,"",AVERAGE(J25:S25))
C26: 10 | I26: =IF(H26="","",DATEDIF(H26,TODAY(),"Y")) | T26: =IF(COUNT(J26:S26)=0,"",AVERAGE(J26:S26))
C27: 11 | I27: =IF(H27="","",DATEDIF(H27,TODAY(),"Y")) | T27: =IF(COUNT(J27:S27)=0,"",AVERAGE(J27:S27))
C28: 12 | I28: =IF(H28="","",DATEDIF(H28,TODAY(),"Y")) | T28: =IF(COUNT(J28:S28)=0,"",AVERAGE(J28:S28))
... C66: 50 | I66: =IF(H66="","",DATEDIF(H66,TODAY(),"Y")) | T66: =IF(COUNT(J66:S66)=0,"",AVERAGE(J66:S66))
